hashtag1,hashtag2
fortune,cruise
cruise,dogs
rude,raw
dogs,traditional
raw,protest
traditional,con
protest,bingo
leadership,leadership
carnage,w
utopia,carnage
brow,bummer
mountain,mountain
favorite,favorite
luxury,beat
right,sportswear
beat,sunset
sportswear,marketing
sunset,i
marketing,pop
affection,atlantic
pop,greatness
atlantic,bizarre
alert,son
greatness,harper
bizarre,ebony
son,beach
harper,ade
aspen,gratis
tutorial,eve
beach,crunching
eve,topper
crunching,schedule
topper,table
influx,vocation
schedule,figure
vocation,happiness
gas,nit
figure,act
happiness,vintage
nit,wind
vintage,peewee
update,awesome
peewee,word
awesome,elk
word,day
elk,team
day,police
team,intensity
intensity,wedding
police,audio
wedding,ouch
audio,gala
ouch,jetty
gala,skirr
jetty,jackass
irritant,gum
jackass,inquiry
gum,ass
scoreless,maria
inquiry,eu
ass,redemption
maria,gif
eu,snowstorm
roi,long
redemption,injured
gif,captain
snowstorm,bet
long,practice
avalanche,eight
captain,legenda
unstoppable,almost
bet,now
chocolate,embarrassing
practice,redeye
eight,wa
legenda,freedom
now,fun
embarrassing,r
redeye,heartbroken
freedom,violence
fun,cross
violence,coffee
cross,paint
coffee,polska
paint,strange
polska,chapeau
strange,hyper
chapeau,vigilante
hyper,fisherman
vigilante,relais
fisherman,flash
relais,leaves
rivalry,rally
flash,show
leaves,security
show,fair
fair,report
report,look
phew,victory
look,perm
atheism,shameless
victory,oxymoron
oxymoron,bear
bear,bach
bach,snubbed
snubbed,honor
arsenal,arsenal
tense,h
lightness,tense
swag,swag
patina,lightness
baba,brothel
confident,baba
single,confident
as,sociable
paradox,as
bobby,cheering
gestion,tech
tech,jo
jo,handmade
handmade,wildlife
wildlife,justice
justice,collapse
collapse,koala
koala,bolo
bolo,yawn
thriller,thriller
sov,sov
yawn,addict
addict,network
seriously,seriously
official,buzzing
depressing,medalist
solidarity,official
scandal,casual
duma,depressing
lightning,solidarity
magic,scandal
ria,duma
tierce,lightning
judge,magic
sleeve,ria
cash,judge
avid,sleeve
recreation,cash
groaner,avid
home,home
medical,concerned
sport,diversity
change,frequency
library,sport
bracelet,change
eh,borsch
opening,library
cricket,bracelet
buffalo,eh
grand,opening
best,cricket
hero,empire
class,grand
cutie,best
real,hero
rap,class
alone,cutie
landscape,real
genius,alone
frustration,landscape
mercenary,genius
fishing,fishing
arthritis,arthritis
punk,punk
green,green
headshake,os
os,neutral
band,band
playboy,playboy
past,past
up,up
football,football
alpine,alpine
burke,burke
competition,illustration
illustration,true
maduro,brandy
true,cool
brandy,gazzetta
hello,white
cool,inside
gazzetta,irony
white,feel
irony,back
vesper,rest
back,yet
rest,picture
original,prepared
yet,android
clink,champagne
prepared,striking
android,good
striking,boom
good,injury
boom,inspiration
amarillo,swiss
injury,community
inspiration,bullying
swiss,losing
community,walk
turnup,few
bullying,spring
losing,tango
walk,dog
few,brown
cinema,jager
spring,io
redwing,atmosphere
tango,bobsleigh
dog,semi
army,coward
brown,spot
io,sound
atmosphere,diamond
bobsleigh,virtue
damage,enter
spot,yom
thesis,tear
sound,export
abrasive,relay
diamond,bittersweet
virtue,awful
enter,dream
tripoli,today
tear,nature
invisible,aboriginal
cheek,light
relay,lost
bittersweet,schwarz
awful,park
dream,coupon
today,blues
nature,girl
aboriginal,galaxy
light,tatu
lost,grace
teaming,inspiring
schwarz,place
park,game
coupon,fin
girl,eta
galaxy,aerodynamics
tatu,number
grace,martin
inspiring,athlete
stadion,paradise
place,photography
game,airport
fin,lovely
number,flat
martin,symbol
athlete,winter
paradise,heartbreaking
photography,combine
airport,whistler
everywhere,tall
lovely,empathy
flat,photo
symbol,ear
winter,pretty
combine,us
empathy,summerland
tall,native
whistler,telegram
ear,stays
photo,send
pretty,ladies
embarrassed,retire
us,booze
summerland,viral
native,weird
telegram,iceberg
stays,friendship
ladies,know
viral,hock
iceberg,damn
know,deck
hock,hiver
damn,entrepreneur
finale,finale
architecture,hers
hockey,mat
coca,architecture
whiteface,triple
agile,hockey
odd,coca
tide,jealous
meteor,whiteface
ego,spence
mattress,odd
penguin,tide
ugh,cumulative
retour,ego
puzzle,ugh
bravo,penguin
scary,ruined
pug,retour
pic,bravo
design,scary
dire,pic
lobo,design
recognition,lobo
gross,recognition
t,gross
opera,t
soccer,opera
ugly,soccer
skeleton,skeleton
versus,versus
morning,morning
politics,politics
diving,diving
riot,riot
orange,celebrate
dutch,orange
nationalism,dutch
ski,nationalism
scam,ski
retail,scam
pirate,carolin
commission,retail
pool,pirate
v,cal
rape,commission
bondage,pool
semipro,v
hot,rice
pin,recycle
passion,bondage
skate,hot
dolphin,pin
name,passion
epic,skate
pussy,epic
upset,pussy
dejected,upset
ad,toque
yr,got
dusk,ad
life,yr
serenity,pit
cup,colorado
pathetic,dusk
image,life
remarkable,serenity
domination,cup
who,pathetic
grateful,physics
vodka,image
flit,remarkable
stone,domination
winner,who
skin,teacher
watch,grateful
desireless,perfection
the,vodka
wort,memorable
nasty,rig
yeah,yes
terrorism,stone
review,outspoken
twitter,winner
black,watch
bid,skin
shooting,the
me,wort
storify,hank
inter,yeah
scrum,terrorism
vis,review
chile,twitter
remember,black
bobsled,bid
hermeticism,shooting
diva,sotnik
bap,me
f,invest
man,eyesight
friend,scrum
guardian,teen
nervous,chile
crackdown,remember
anticlimax,unfiltered
handball,bobsled
work,f
framework,man
captivity,friend
crew,gosport
brazil,nervous
race,guardian
at,handball
where,work
michigan,framework
unbelievable,crew
poll,brazil
repeat,race
together,at
cat,where
adorable,mascot
restaurant,unbelievable
nope,poll
tragic,repeat
speed,adorable
bowman,cat
touching,restaurant
uncomfortable,rowing
beaten,undemocratic
meek,speed
van,bowman
music,touching
bus,uncomfortable
marmot,grey
spectacular,meek
doughty,music
news,spectacular
all,doughty
ing,news
mao,all
see,mao
ice,see
tension,ice
style,tension
reprise,style
buzz,buzz
mood,mood
clutch,clutch
glee,darling
darling,veteran
veteran,saw
saw,friendly
friendly,inclusive
chaos,pray
inclusive,revenge
pray,flame
revenge,tonight
flame,therese
tonight,thanks
therese,everyone
thanks,family
everyone,talent
family,excellent
talent,entertainment
excellent,skiing
entertainment,train
skiing,gain
train,childish
gain,cancer
childish,union
wrong,coach
cancer,fourth
union,winning
coach,small
fourth,deception
newmarket,hip
winning,honesty
small,irrelevant
hip,u
honesty,question
u,despair
monster,so
question,gear
so,golf
intense,lama
golf,ar
lama,travel
ar,save
travel,plop
save,depression
plop,about
depression,stay
stay,start
cocky,my
start,whipping
my,finance
whipping,legend
legend,innocent
majestic,placer
two,majestic
sex,two
summer,sex
president,summer
parlay,job
bit,president
lame,lame
big,big
artist,artist
disrespectful,pie
jacket,jacket
parallel,valence
incredible,parallel
crack,incredible
boring,mustache
sketchy,crying
mustache,genre
crying,scapegoat
genre,after
after,mud
mud,peel
peel,dancer
dancer,truelove
truelove,craft
engineering,engineering
super,super
horrible,horrible
geek,tourism
tourism,geek
shred,shred
unbranded,motel
motel,last
fitness,summertime
really,rehearsal
last,wild
summertime,para
para,window
wild,analytics
window,paternity
sapping,we
we,funny
funny,clip
clip,animation
corrupt,cider
brunet,power
cider,blowout
power,drunk
blowout,tag
drunk,cute
let,glasses
tag,short
cute,miserable
idiot,conspiracy
glasses,angry
gossip,slurp
pech,unity
fabulous,no
short,horsewhip
miserable,morocco
whimper,flag
unity,add
no,push
horsewhip,left
flag,blue
push,bright
mountaintop,excited
left,facial
lazy,gift
blue,boss
bright,hurry
youp,comment
excited,wigan
facial,fast
boss,extermination
gift,link
hurry,humor
importance,curling
comment,you
fast,hacking
wigan,violet
announcer,shutdown
strategy,anime
humor,breakfast
succeed,presidente
curling,live
you,indigenous
hacking,hilarious
violet,bed
shutdown,out
anime,follower
breakfast,kent
presidente,mick
live,skater
hilarious,casing
bed,radio
out,trust
follower,tinder
kent,gymnastics
mick,first
skater,seashore
radio,sea
jean,defense
tinder,golden
gymnastics,goat
first,anti
seashore,brain
defense,ex
sea,supernatural
goat,mistake
anti,many
brain,well
ex,wanderlust
check,hosting
jasey,reading
supernatural,mono
many,beleaf
well,tiger
wanderlust,in
gaming,beer
hosting,help
reading,experiential
fantasy,count
miller,education
tiger,senescence
in,revolution
beer,douche
help,annex
ridicule,stuff
hair,ger
body,horror
outgame,street
count,anticipate
education,amnesty
revolution,diplomacy
douche,sap
ger,suspense
street,finland
anticipate,wha
diplomacy,sun
hard,boy
hocky,polish
suspense,their
finland,psych
woof,snap
wha,culture
sun,farewell
boy,corbeil
polish,pression
samara,case
their,gold
sigh,fact
ecole,cheeky
quickie,illuminate
psych,maxima
snap,vibrant
farewell,laura
pression,quiz
case,youth
terry,advertising
annoying,costume
humiliation,discuss
gold,premier
fact,b
cheeky,surf
illuminate,attitude
maxima,blackberry
goon,plane
cringe,auto
vibrant,shopping
laura,sad
quiz,season
youth,headline
implosion,kicker
popular,play
advertising,astrology
bless,hungry
steamboat,blackfish
costume,brunch
premier,adoption
king,tennis
ruby,struggle
surf,extreme
attitude,problem
blackberry,jump
latest,science
plane,technology
auto,brilliant
shopping,negative
sad,maidan
season,malkin
headline,opportunity
kicker,clothes
rio,c
play,don
blackfish,stony
brunch,anxiety
adoption,war
wasted,of
schuhe,economy
tennis,book
jazz,apple
extreme,punto
unreal,analysis
problem,comeback
bam,is
davenport,patent
science,shame
emotional,baseball
technology,come
brilliant,attack
maidan,whiplash
negative,crazy
malkin,fan
hacked,sline
opportunity,clever
clothes,support
don,champion
war,confused
of,classy
economy,renegade
comeback,kraft
analysis,ho
apple,dance
punto,sign
is,spirit
shame,chien
baseball,hunt
stem,happy
attack,geopolitics
brand,watcher
crazy,river
dope,cover
fan,pinkeye
zigzag,cake
bot,nothing
sline,s
blackface,corruption
support,ended
champion,booty
classy,coaching
poor,hit
ho,recipe
dance,speechless
chien,experience
sliver,beard
hunt,lunch
happy,federation
geopolitics,searching
watcher,journeyman
river,marijuana
cover,rare
pinkeye,colour
cake,guide
nothing,surface
s,photographer
controversy,ga
miracle,banter
corruption,star
ended,playbook
coaching,clean
hit,pursuit
recipe,bob
international,march
speechless,numb
experience,grange
rouge,abroad
beard,believe
lunch,fit
federation,normal
uvic,torch
journeyman,won
anchorage,sarcasm
marijuana,un
rare,treble
colour,mental
guide,basketball
surface,joy
photographer,exhibition
banter,murderer
star,final
playbook,karma
clean,homeland
pursuit,why
bob,collision
march,not
numb,test
grange,a
tyrant,secret
believe,demand
fit,de
dilemma,moment
normal,disappointment
torch,saa
sarcasm,free
un,batman
conservation,sky
treble,smog
mental,stand
meet,faded
exhibition,drive
murderer,yo
final,event
karma,journalism
post,skier
surprising,top
homeland,bronzen
prayer,wust
why,commentary
collision,birthday
ko,score
flop,hokey
masse,share
test,just
a,etui
underdog,imagine
demand,queen
acupuncture,pride
de,sol
moment,loser
saa,people
free,si
batman,gay
finish,tweet
seen,sunshine
sky,shelter
smog,khalifa
stand,vint
faded,wrapped
drive,indy
yo,peace
event,suck
skier,nancy
top,surprise
bronzen,finishing
heat,hell
wust,shipper
birthday,turkey
hokey,art
score,soul
share,quote
loyalty,topical
just,rad
etui,displacement
imagine,crash
queen,kim
pride,clue
sol,nights
people,petition
si,ink
gay,current
sunshine,omega
shelter,into
khalifa,finished
wrapped,buildup
indy,achievement
peace,view
nancy,parley
surprise,legacy
cycling,represent
finishing,tibet
hell,carnival
shipper,money
turkey,al
art,soft
soul,smile
quote,sexy
crash,quack
birthplace,tournament
jay,cold
kim,em
props,bunny
clue,truculence
nights,visa
petition,are
ink,beautiful
current,arena
omega,could
into,ageless
finished,food
achievement,prank
view,new
spotted,astrakhan
legacy,silhouette
represent,sponsorship
patron,truth
tibet,reform
money,parliament
rascal,semen
soft,weather
quack,yule
sexy,disappointing
smile,safety
attention,relax
tournament,dress
cold,from
em,festival
are,respect
boa,berlin
beautiful,classic
healthy,heart
arena,feed
could,hall
ageless,accessory
food,alfresco
prank,lotto
new,dominate
silhouette,russia
reform,tablet
truth,zimbabwe
lookout,shutout
parliament,shirt
semen,record
shocker,accumulator
disappointing,giveaway
weather,morel
yule,an
relax,men
dress,distraction
berlin,tribute
festival,drew
from,when
classic,invitation
respect,great
heart,entrepreneurship
insane,weekend
accessory,fire
lotto,addicted
dominate,settle
russia,pricer
tablet,quit
zimbabwe,hora
welcome,trance
shutout,innuendo
record,dobby
shirt,song
accumulator,south
giveaway,folie
morel,oppression
an,suspicious
men,doge
distraction,doggy
tribute,wonderful
drew,country
rage,coincidence
when,sports
embarrassment,looser
invitation,barefoot
realtor,like
hate,lose
great,salute
entrepreneurship,rider
weekend,thaler
million,stupid
fire,leaf
addicted,being
settle,adventure
pricer,assess
hora,fail
trance,mor
innuendo,moose
grandma,beauty
ted,ironman
dobby,lippen
song,week
south,it
oppression,pap
pedestal,undefeated
doge,track
wonderful,k
country,sublimation
sports,suffer
looser,mercy
flog,repost
barefoot,what
scuse,bush
like,puppy
butterfly,rip
lose,crybaby
salute,breaking
rider,penalty
thaler,brucia
stupid,swoon
leaf,fashion
being,management
groovy,or
adventure,media
clank,siege
fail,fighter
mor,quan
selflessness,gutless
beauty,cheating
ironman,again
meanwhile,deportation
week,ultima
bobble,fra
it,beast
pap,luge
undefeated,shock
k,overload
track,yours
occupy,powder
suffer,nutrition
mercy,brother
repost,love
what,shuttle
whoo,victorious
bush,swerve
sick,tolerance
diet,bronze
puppy,nor
rip,madness
gratulation,om
crybaby,innovation
breaking,grill
meta,awoke
superexcited,goalless
penalty,courage
want,disease
fashion,dagger
textbook,incognito
management,victor
or,please
media,ridiculous
siege,viking
fighter,woman
quan,elt
flaming,random
gutless,yoga
torn,derby
cheating,hi
again,typography
nei,woohoo
deportation,off
ultima,rocket
beast,vision
luge,scandalous
shock,second
overload,date
shudder,determination
powder,letdown
brother,perfect
uppers,landau
love,superman
shuttle,business
victorious,web
nor,mobile
bronze,air
tolerance,stealth
thought,fuji
midland,fed
grill,athletic
awoke,defence
doctor,boxing
goalless,rise
courage,majesty
disease,priceless
dagger,discourse
incognito,oe
cheese,led
victor,wine
please,storybook
ridiculous,wrestling
viking,semifinal
woman,blame
elt,brocard
digital,party
yoga,canada
mi,crane
derby,bastille
hi,wolf
excelente,shore
typography,jammer
woohoo,sorry
vision,warm
teary,outstanding
pardon,with
second,excellence
date,safe
letdown,brownie
slimy,improbable
lionheart,car
perfect,exciting
superman,ante
business,bureau
environment,she
mobile,wow
nelson,patriotic
smoking,la
air,time
stealth,teamwork
fuji,contest
fed,betting
athletic,payday
defence,world
boxing,performance
rise,massacre
majesty,manga
priceless,lesser
discourse,go
tradition,oligarch
wine,wide
storybook,school
deserve,headgear
traitor,charity
semifinal,price
blame,joke
brocard,arrogant
party,undecided
canada,uptown
crane,maybe
bastille,picked
wolf,farce
shore,unfair
jammer,glory
sorry,j
warm,health
outstanding,infringement
excellence,stalking
with,lindo
pope,one
safe,promise
brownie,tu
improbable,sleep
car,disappointed
exciting,racing
ante,mug
boo,literal
iceland,social
she,for
wow,god
patriotic,goal
time,shim
teamwork,equality
contest,independence
payday,tough
world,can
performance,tour
lesser,jersey
go,myself
oligarch,silly
headgear,stunning
school,authority
wide,adopted
charity,sat
price,bitter
joke,pun
arrogant,ship
choking,wave
due,rep
undecided,legendary
uptown,terrible
maybe,mission
picked,gorgeous
farce,strength
unfair,sortie
glory,broadcast
health,silver
loch,flow
lindo,assault
impressive,sa
naked,orf
promise,barth
sleep,snow
disappointed,how
massagist,powerhouse
mug,o
bring,girly
social,they
holy,overdose
for,german
god,feeling
goal,gains
equality,dark
shim,adopt
tough,kindle
can,corinne
tour,editorial
referee,hope
jersey,if
myself,rock
ouf,doc
abandoned,l
stunning,awake
druid,cow
authority,source
mentalist,bu
create,pet
bitter,p
pun,ragged
staff,cheat
wave,q
rescue,tax
legendary,brutal
terrible,kaiser
mission,drawing
gorgeous,amazing
reference,preparation
broadcast,win
participation,enjoy
flow,choke
silver,match
assault,end
finally,freak
cayman,history
orf,ozone
slaughter,bass
snow,devotion
how,tactics
o,fantastic
they,heartbreak
enterate,strong
german,coss
gains,celebrity
nuance,illy
adopt,player
kindle,include
stray,novel
editorial,copa
hope,bust
if,bong
rock,and
humour,to
traffic,loup
cow,keep
source,math
bu,cheerfulness
humble,rodman
freewheeler,hopeless
pet,dumb
p,benn
ragged,stroke
cheat,tea
especial,dish
only,nob
q,university
tax,lat
vail,manifestation
brutal,dedication
drug,downhill
combined,poking
kaiser,marathon
drawing,awesomeness
comfy,emotion
amazing,night
sly,exchange
dominant,leader
preparation,nice
win,scoring
enjoy,comedy
baby,gull
spiegel,dinero
background,gracious
choke,made
match,argentine
end,workout
freak,fox
translation,japan
history,clark
ozone,program
bass,goalie
devotion,video
tactics,persecution
felicitation,content
tusk,red
heartbreak,volunteer
reality,awkward
strong,formula
timing,replay
celebrity,young
bonus,advocate
include,gender
novel,tip
copa,homer
bong,that
and,casal
to,article
college,this
loup,house
basic,noteworthy
keep,by
hedgehog,sam
rodman,slate
hopeless,dauphin
benn,loop
poverty,another
stroke,flown
appropriate,on
tea,data
university,follow
lat,medal
dedication,evening
spoil,boston
downhill,weak
poking,quick
emotion,streaming
awesomeness,china
marathon,skating
night,valley
dang,disaster
exchange,thank
leader,painful
nice,propaganda
fight,smoke
comedy,endurance
gull,compassion
gracious,silence
argentine,
made,
cartoon,
concussion,
fox,
japan,
clark,
program,
goalie,
video,
persecution,
content,
marcel,
red,
volunteer,
awkward,
formula,
replay,
advocate,
gender,
tip,
homer,
that,
casal,
article,
this,
house,
by,
noteworthy,
slate,
aviation,
another,
flown,
data,
on,
follow,
langlauf,
medal,
evening,
boston,
weak,
machine,
quick,
streaming,
useless,
china,
skating,
maniac,
valley,
thank,
painful,
propaganda,
smoke,
endurance,
flawless,
compassion,
kelly,
